Workbook

Sheet Gesamt
A1: Lieferung1 | E1: Woche
G3: Milchprodukte | U3: Getreide | BD3: Saft | BJ3: Sonderinfo
B4: Anteile | C4: Gemüse | D4: Kartoffeln | E4: Fleisch | F4: Brot | G4: Milch | H4: Grillkaese | I4: Weichkaese | J4: Bauernkäse | K4: Schnittkäse | L4: Ricotta | M4: Muensterkaese | N4: Hirtenkaese | O4: Neue Kaesesorte | P4: Joghurt | Q4: Quark | R4: Mehl | S4: Vollkornmehl 1kg | T4: Mehl weiss 1kg | U4: Dinkel 630 1kg | V4: Dinkel 630 2,5kg | W4: Dinkel 1050 1kg | X4: Dinkel 1050 2,5kg | Y4: Weizen 550 1kg | Z4: Weizen 550 2,5kg | AA4: Weizen 1050 1kg | AB4: Weizen 1050 2,5kg | AC4: Weizen Dunst 1kg | AD4: Weizen Dunst 2,5kg | AE4: Roggen 1150 1kg | AF4: Roggen 1150 2,5kg | AG4: Dinkelvollkorn 1kg | AH4: Dinkelvollkorn 2,5kg | AI4: Weizenvollkorn 1kg | AJ4: Weizenvollkorn 2,5kg | AK4: Roggenvollkorn 1kg | AL4: Roggenvollkorn 2,5kg | AM4: Hafer fein 1kg | AN4: Hafer fein 2kg | AO4: Hafer grob 1kg | AP4: Hafer grob 2kg | AQ4: Dinkel 1kg | AR4: Dinkel 2,5kg | AS4: Weizen 1kg | AT4: Weizen 2,5kg | AU4: Roggen 1kg | AV4: Roggen 2,5kg | AW4: Hafer 1kg | AX4: Hafer 2kg | AY4: Wellband 500g | AZ4: Band 250g | BA4: Spaetzle 500g | BB4: Spaghetti (kurz) 500g | BC4: Spaghetti (kurz) 250g | BD4: Apfelsaft | BE4: Apfelsaft 1L | BF4: Apfelsaft 3L | BG4: Apfelsaft 5L | BH4: Quittensaft 3L | BI4: Birnensaft
B5: =SUM(B6:B15) -> 0 | C5: =SUM(C6:C15) -> 0 | D5: =SUM(D6:D15) -> 0 | E5: =SUM(E6:E15) -> 0 | F5: =SUM(F6:F15) -> 0 | G5: =SUM(G6:G15) -> 0 | H5: =SUM(H6:H15) -> 0 | I5: =SUM(I6:I15) -> 0 | ... Q5: =SUM(Q6:Q15) -> 0 | U5: =SUM(U6:U15) -> 0 | V5: =SUM(V6:V15) -> 0 | X5: =SUM(X6:X15) -> 0 | Y5: =SUM(Y6:Y15) -> 0 | Z5: =SUM(Z6:Z15) -> 0 | AA5: =SUM(AA6:AA15) -> 0 | AB5: =SUM(AB6:AB15) -> 0 | AC5: =SUM(AC6:AC15) -> 0 | AD5: =SUM(AD6:AD15) -> 0 | AE5: =SUM(AE6:AE15) -> 0 | ... BI5: =SUM(BI6:BI15) -> 0
A6: Bammental
A7: Einzelkisten
A8: HH1
A9: HH2
A10: Kirchheim
A11: Rohrbach
A12: Südstadt
A13: Walldorf
A14: Wieblingen
A15: Wiesloch
A16: Mannheim Sued

Sheet Gemüse
A1: =Gesamt!B1 -> 0 | B1: Anteile | C1: Gemüse | D1: plus 10% | E1: Kartoffeln | F1: plus 10% | J1: Apfelsaft
A2: Einheit | C2: Anteile | D2: kg | E2: Anteile | F2: kg | J2: 1 L | K2: 3 L | L2: 5 L | M2: Zähler
A3: Bammental | B3: =Gesamt!B6 -> 0 | C3: =Gesamt!C6 -> 0 | D3: =B3*1.1 -> 0 | E3: =Gesamt!D6 -> 0 | F3: =E3*1.1 -> 0 | J3: =Gesamt!BE6 -> 0 | K3: =Gesamt!BF6 -> 0 | L3: =Gesamt!BG6 -> 0 | M3: =Gesamt!BD6 -> 0
A4: Einzel | B4: =Gesamt!B7 -> 0 | D4: =B4*1.1 -> 0 | E4: =Gesamt!D7 -> 0 | F4: =E4*1.1 -> 0 | J4: =Gesamt!BE7 -> 0 | K4: =Gesamt!BF7 -> 0 | L4: =Gesamt!BG7 -> 0 | M4: =Gesamt!BD7 -> 0
A5: Handsch. 1 | B5: =Gesamt!B8 -> 0 | C5: =Gesamt!C8 -> 0 | D5: =B5*1.1 -> 0 | E5: =Gesamt!D8 -> 0 | F5: =E5*1.1 -> 0 | J5: =Gesamt!BE8 -> 0 | K5: =Gesamt!BF8 -> 0 | L5: =Gesamt!BG8 -> 0 | M5: =Gesamt!BD8 -> 0
A6: Handsch. 2 | B6: =Gesamt!B9 -> 0 | C6: =Gesamt!C9 -> 0 | D6: =B6*1.1 -> 0 | E6: =Gesamt!D9 -> 0 | F6: =E6*1.1 -> 0 | J6: =Gesamt!BE9 -> 0 | K6: =Gesamt!BF9 -> 0 | L6: =Gesamt!BG9 -> 0 | M6: =Gesamt!BD9 -> 0
A7: Kirchheim | B7: =Gesamt!B10 -> 0 | C7: =Gesamt!C10 -> 0 | D7: =B7*1.1 -> 0 | E7: =Gesamt!D10 -> 0 | F7: =E7*1.1 -> 0 | J7: =Gesamt!BE10 -> 0 | K7: =Gesamt!BF10 -> 0 | L7: =Gesamt!BG10 -> 0 | M7: =Gesamt!BD10 -> 0
A8: Rohrbach | B8: =Gesamt!B11 -> 0 | C8: =Gesamt!C11 -> 0 | D8: =B8*1.1 -> 0 | E8: =Gesamt!D11 -> 0 | F8: =E8*1.1 -> 0 | J8: =Gesamt!BE11 -> 0 | K8: =Gesamt!BF11 -> 0 | L8: =Gesamt!BG11 -> 0 | M8: =Gesamt!BD11 -> 0
A9: Südstadt | B9: =Gesamt!B12 -> 0 | C9: =Gesamt!C12 -> 0 | D9: =B9*1.1 -> 0 | E9: =Gesamt!D12 -> 0 | F9: =E9*1.1 -> 0 | J9: =Gesamt!BE12 -> 0 | K9: =Gesamt!BF12 -> 0 | L9: =Gesamt!BG12 -> 0 | M9: =Gesamt!BD12 -> 0
A10: Walldorf | B10: =Gesamt!B13 -> 0 | C10: =Gesamt!C13 -> 0 | D10: =B10*1.1 -> 0 | E10: =Gesamt!D13 -> 0 | F10: =E10*1.1 -> 0 | J10: =Gesamt!BE13 -> 0 | K10: =Gesamt!BF13 -> 0 | L10: =Gesamt!BG13 -> 0 | M10: =Gesamt!BD13 -> 0
A11: Wieblingen | B11: =Gesamt!B14 -> 0 | C11: =Gesamt!C14 -> 0 | D11: =B11*1.1 -> 0 | E11: =Gesamt!D14 -> 0 | F11: =E11*1.1 -> 0 | J11: =Gesamt!BE14 -> 0 | K11: =Gesamt!BF14 -> 0 | L11: =Gesamt!BG14 -> 0 | M11: =Gesamt!BD14 -> 0
A12: Wiesloch | B12: =Gesamt!B15 -> 0 | C12: =Gesamt!C15 -> 0 | D12: =B12*1.1 -> 0 | E12: =Gesamt!D15 -> 0 | F12: =E12*1.1 -> 0 | J12: =Gesamt!BE15 -> 0 | K12: =Gesamt!BF15 -> 0 | L12: =Gesamt!BG15 -> 0 | M12: =Gesamt!BD15 -> 0
A13: Summe | B13: =Gesamt!B5 -> 0 | C13: =Gesamt!C5 -> 0 | D13: =SUM(D3:D12) -> 0 | E13: =Gesamt!D5 -> 0 | F13: =SUM(F3:F12) -> 0 | J13: =Gesamt!BE5 -> 0 | K13: =Gesamt!BF5 -> 0 | L13: =Gesamt!BG5 -> 0 | M13: =Gesamt!BD5 -> 0

Sheet Käse
A1: =Gesamt!B1 -> 0 | B1: Neue Kaesesorte | C1: Hirtenkäse | D1: Weichkäse | E1: Grillkase | F1: Schnittkäse | G1: Ricotta | H1: Joghurt | I1: Quark
A2: =Gesamt!F1 -> 0
A3: Bammental | B3: =Gesamt!O6 -> 0 | C3: =Gesamt!N6 -> 0 | D3: =Gesamt!I6 -> 0 | E3: =Gesamt!H6 -> 0 | F3: =Gesamt!K6 -> 0 | G3: =Gesamt!L6 -> 0 | H3: =Gesamt!P6 -> 0 | I3: =Gesamt!Q6 -> 0 | K3: x | L3: = | N3: x | O3: =
A4: Einzel | B4: =Gesamt!O7 -> 0 | C4: =Gesamt!N7 -> 0 | D4: =Gesamt!I7 -> 0 | E4: =Gesamt!H7 -> 0 | F4: =Gesamt!K7 -> 0 | G4: =Gesamt!L7 -> 0 | H4: =Gesamt!P7 -> 0 | I4: =Gesamt!Q7 -> 0 | K4: x | L4: = | N4: x | O4: =
A5: Handsch. 1 | B5: =Gesamt!O8 -> 0 | C5: =Gesamt!N8 -> 0 | D5: =Gesamt!I8 -> 0 | E5: =Gesamt!H8 -> 0 | F5: =Gesamt!K8 -> 0 | G5: =Gesamt!L8 -> 0 | H5: =Gesamt!P8 -> 0 | I5: =Gesamt!Q8 -> 0 | K5: x | L5: = | N5: x | O5: =
A6: Handsch. 2 | B6: =Gesamt!O9 -> 0 | C6: =Gesamt!N9 -> 0 | D6: =Gesamt!I9 -> 0 | E6: =Gesamt!H9 -> 0 | F6: =Gesamt!K9 -> 0 | G6: =Gesamt!L9 -> 0 | H6: =Gesamt!P9 -> 0 | I6: =Gesamt!Q9 -> 0 | K6: x | L6: = | N6: x | O6: =
A7: Kirchheim | B7: =Gesamt!O10 -> 0 | C7: =Gesamt!N10 -> 0 | D7: =Gesamt!I10 -> 0 | E7: =Gesamt!H10 -> 0 | F7: =Gesamt!K10 -> 0 | G7: =Gesamt!L10 -> 0 | H7: =Gesamt!P10 -> 0 | I7: =Gesamt!Q10 -> 0 | K7: x | L7: = | N7: x | O7: =
A8: Rohrbach | B8: =Gesamt!O11 -> 0 | C8: =Gesamt!N11 -> 0 | D8: =Gesamt!I11 -> 0 | E8: =Gesamt!H11 -> 0 | F8: =Gesamt!K11 -> 0 | G8: =Gesamt!L11 -> 0 | H8: =Gesamt!P11 -> 0 | I8: =Gesamt!Q11 -> 0 | K8: x | L8: = | N8: x | O8: =
A9: Südstadt | B9: =Gesamt!O12 -> 0 | C9: =Gesamt!N12 -> 0 | D9: =Gesamt!I12 -> 0 | E9: =Gesamt!H12 -> 0 | F9: =Gesamt!K12 -> 0 | G9: =Gesamt!L12 -> 0 | H9: =Gesamt!P12 -> 0 | I9: =Gesamt!Q12 -> 0 | K9: x | L9: = | N9: x | O9: =
A10: Walldorf | B10: =Gesamt!O13 -> 0 | C10: =Gesamt!N13 -> 0 | D10: =Gesamt!I13 -> 0 | E10: =Gesamt!H13 -> 0 | F10: =Gesamt!K13 -> 0 | G10: =Gesamt!L13 -> 0 | H10: =Gesamt!P13 -> 0 | I10: =Gesamt!Q13 -> 0 | K10: x | L10: = | N10: x | O10: =
A11: Wieblingen | B11: =Gesamt!O14 -> 0 | C11: =Gesamt!N14 -> 0 | D11: =Gesamt!I14 -> 0 | E11: =Gesamt!H14 -> 0 | F11: =Gesamt!K14 -> 0 | G11: =Gesamt!L14 -> 0 | H11: =Gesamt!P14 -> 0 | I11: =Gesamt!Q14 -> 0 | K11: x | L11: = | N11: x | O11: =
A12: Wiesloch | B12: =Gesamt!O15 -> 0 | C12: =Gesamt!N15 -> 0 | D12: =Gesamt!I15 -> 0 | E12: =Gesamt!H15 -> 0 | F12: =Gesamt!K15 -> 0 | G12: =Gesamt!L15 -> 0 | H12: =Gesamt!P15 -> 0 | I12: =Gesamt!Q15 -> 0 | K12: x | L12: = | N12: x | O12: =
A13: Summe | B13: =Gesamt!O5 -> 0 | C13: =Gesamt!N5 -> 0 | D13: =Gesamt!I5 -> 0 | E13: =Gesamt!H5 -> 0 | F13: =Gesamt!K5 -> 0 | G13: =Gesamt!L5 -> 0 | H13: =Gesamt!P5 -> 0 | I13: =Gesamt!Q5 -> 0

Sheet FleischWurst
A1: =Gesamt!B1 -> 0 | B1: Fleisch | E1: Wurst | K1: Knochen | L1: Innereien
A2: Einheit | B2: Stk | E2: Stk
A3: Bammental | B3: =Gesamt!E6 -> 0 | C3: x | D3: = | E3: =Gesamt!E6 -> 0 | F3: x | G3: = | I3: x | J3: = | K3: 7x
A4: Einzel | B4: =Gesamt!E7 -> 0 | C4: x | D4: = | E4: =Gesamt!E7 -> 0 | F4: x | G4: = | I4: x | J4: = | K4: nein | L4: nein
A5: Handsch. 1 | B5: =Gesamt!E8 -> 0 | C5: x | D5: = | E5: =Gesamt!E8 -> 0 | F5: x | G5: = | I5: x | J5: =
A6: Handsch. 2 | B6: =Gesamt!E9 -> 0 | C6: x | D6: = | E6: =Gesamt!E9 -> 0 | F6: x | G6: = | I6: x | J6: = | K6: 1x | L6: nein
A7: Kirchheim | B7: =Gesamt!E10 -> 0 | C7: x | D7: = | E7: =Gesamt!E10 -> 0 | F7: x | G7: = | I7: x | J7: =
A8: Rohrbach | B8: =Gesamt!E11 -> 0 | C8: x | D8: = | E8: =Gesamt!E11 -> 0 | F8: x | G8: = | I8: x | J8: =
A9: Südstadt | B9: =Gesamt!E12 -> 0 | C9: x | D9: = | E9: =Gesamt!E12 -> 0 | F9: x | G9: = | I9: x | J9: = | K9: 2x
A10: Walldorf | B10: =Gesamt!E13 -> 0 | C10: x | D10: = | E10: =Gesamt!E13 -> 0 | F10: x | G10: = | I10: x | J10: =
A11: Wieblingen | B11: =Gesamt!E14 -> 0 | C11: x | D11: = | E11: =Gesamt!E14 -> 0 | F11: x | G11: = | I11: x | J11: =
A12: Wiesloch | B12: =Gesamt!E15 -> 0 | C12: x | D12: = | E12: =Gesamt!E15 -> 0 | F12: x | G12: = | I12: x | J12: =
A13: Summe | B13: =Gesamt!E5 -> 0 | E13: =Gesamt!E5 -> 0

Sheet Getreide
A1: =Gesamt!B1 -> 0 | B1: Mehl | V1: =Gesamt!B1 -> 0 | W1: Flocken | AB1: Korn | AJ1: Brot | AK1: =Gesamt!AR1 -> 0
B2: Dinkel 630 2,5 kg | C2: Dinkel 1050 2,5 kg | D2: Weizen 550 2,5 kg | E2: Weizen 1050 2,5 kg | F2: Weizen Dunst 2,5kg | G2: Roggen 1150 2,5 kg | H2: Dinkel 630 1 kg | I2: Dinkel 1050 1 kg | J2: Weizen 550 1 kg | K2: Weizen 1050 1 kg | L2: Weizen Dunst 1kg | M2: Roggen 1150 1 kg | N2: Dinkel-Vollkorn 2,5 kg | O2: Weizen-Vollkorn 2,5 kg | P2: Roggen-Vollkorn 2,5 kg | Q2: Dinkel-Vollkorn 1 kg | R2: Weizen-Vollkorn 1 kg | S2: Roggen-Vollkorn 1 kg | T2: Mehl | W2: feine Haferflocken 2 kg | X2: grobe Haferflocken2 kg | Y2: feine Haferflocken 1 kg | Z2: grobe Haferflocken 1 kg | AB2: Dinkel-Korn 2,5 kg | AC2: Weizen-Korn 2,5 kg | AD2: Roggen-Korn 2,5 kg | AE2: Hafer-Korn | AF2: Dinkel-Korn 1 kg | AG2: Weizen-Korn 1 kg | AH2: Roggen-Korn 1kg | AI2: Hafer-Korn 1kg | AJ2: Brot
A3: =Gesamt!F1 -> 0 | B3: 2,5 kg | H3: 1 kg | N3: 2,5 kg | R3: 1 kg | V3: =Gesamt!F1 -> 0 | W3: 2 kg | Y3: 1kg | AB3: 2,5 kg | AE3: 2 kg | AF3: 1 kg | AJ3: Stk | AK3: =Gesamt!AU1 -> 0
A4: Summe | B4: =SUM(B5:B15) -> 0 | C4: =SUM(C5:C15) -> 0 | D4: =SUM(D5:D15) -> 0 | E4: =SUM(E5:E15) -> 0 | F4: =SUM(F5:F15) -> 0 | G4: =SUM(G5:G15) -> 0 | H4: =SUM(H5:H15) -> 0 | J4: =SUM(J5:J15) -> 0 | L4: =SUM(L5:L15) -> 0 | M4: =SUM(M5:M15) -> 0 | N4: =SUM(N5:N15) -> 0 | O4: =SUM(O5:O15) -> 0 | P4: =SUM(P5:P15) -> 0 | Q4: =SUM(Q5:Q15) -> 0 | R4: =SUM(R5:R15) -> 0 | S4: =SUM(S5:S15) -> 0 | T4: =SUM(T5:T15) -> 0 | V4: Summe | W4: =SUM(W5:W15) -> 0 | X4: =SUM(X5:X15) -> 0 | Y4: =SUM(Y5:Y15) -> 0 | Z4: =SUM(Z5:Z15) -> 0 | AB4: =SUM(AB5:AB15) -> 0 | AC4: =SUM(AC5:AC15) -> 0 | AD4: =SUM(AD5:AD15) -> 0 | AE4: =SUM(AE5:AE15) -> 0 | AF4: =SUM(AF5:AF15) -> 0 | AG4: =SUM(AG5:AG15) -> 0 | AH4: =SUM(AH5:AH15) -> 0 | AI4: =SUM(AI5:AI15) -> 0 | AJ4: =Gesamt!F5 -> 0 | AK4: Summe
A5: Bammental | B5: =Gesamt!V6 -> 0 | C5: =Gesamt!X6 -> 0 | D5: =Gesamt!Z6 -> 0 | E5: =Gesamt!AB6 -> 0 | F5: =Gesamt!AD6 -> 0 | G5: =Gesamt!AF6 -> 0 | H5: =Gesamt!U6 -> 0 | I5: =Gesamt!W6 -> 0 | J5: =Gesamt!Y6 -> 0 | K5: =Gesamt!AA6 -> 0 | L5: =Gesamt!AC6 -> 0 | M5: =Gesamt!AE6 -> 0 | N5: =Gesamt!AH6 -> 0 | O5: =Gesamt!AJ6 -> 0 | P5: =Gesamt!AL6 -> 0 | Q5: =Gesamt!AG6 -> 0 | R5: =Gesamt!AI6 -> 0 | S5: =Gesamt!AK6 -> 0 | T5: =Gesamt!R6 -> 0 | U5: Bam | V5: Bammental | W5: =Gesamt!AN6 -> 0 | X5: =Gesamt!AP6 -> 0 | Y5: =Gesamt!AM6 -> 0 | Z5: =Gesamt!AO6 -> 0 | AB5: =Gesamt!AR6 -> 0 | AC5: =Gesamt!AT6 -> 0 | AD5: =Gesamt!AV6 -> 0 | AE5: =Gesamt!AX6 -> 0 | AF5: =Gesamt!AQ6 -> 0 | AG5: =Gesamt!AS6 -> 0 | AH5: =Gesamt!AU6 -> 0 | AI5: =Gesamt!AW6 -> 0 | AJ5: =Gesamt!F6 -> 0 | AK5: Bammental
A6: Einzel | B6: =Gesamt!V7 -> 0 | C6: =Gesamt!X7 -> 0 | D6: =Gesamt!Z7 -> 0 | E6: =Gesamt!AB7 -> 0 | F6: =Gesamt!AD7 -> 0 | G6: =Gesamt!AF7 -> 0 | H6: =Gesamt!U7 -> 0 | I6: =Gesamt!W7 -> 0 | J6: =Gesamt!Y7 -> 0 | K6: =Gesamt!AA7 -> 0 | L6: =Gesamt!AC7 -> 0 | M6: =Gesamt!AE7 -> 0 | N6: =Gesamt!AH7 -> 0 | O6: =Gesamt!AJ7 -> 0 | P6: =Gesamt!AL7 -> 0 | Q6: =Gesamt!AG7 -> 0 | R6: =Gesamt!AI7 -> 0 | S6: =Gesamt!AK7 -> 0 | T6: =Gesamt!R7 -> 0 | U6: Einz | V6: Einzel | W6: =Gesamt!AN7 -> 0 | X6: =Gesamt!AP7 -> 0 | Y6: =Gesamt!AM7 -> 0 | Z6: =Gesamt!AO7 -> 0 | AB6: =Gesamt!AR7 -> 0 | AC6: =Gesamt!AT7 -> 0 | AD6: =Gesamt!AV7 -> 0 | AE6: =Gesamt!AX7 -> 0 | AF6: =Gesamt!AQ7 -> 0 | AG6: =Gesamt!AS7 -> 0 | AH6: =Gesamt!AU7 -> 0 | AI6: =Gesamt!AW7 -> 0 | AJ6: =Gesamt!F7 -> 0 | AK6: Einzel
A7: Handsch. 1 | B7: =Gesamt!V8 -> 0 | C7: =Gesamt!X8 -> 0 | D7: =Gesamt!Z8 -> 0 | E7: =Gesamt!AB8 -> 0 | F7: =Gesamt!AD8 -> 0 | G7: =Gesamt!AF8 -> 0 | H7: =Gesamt!U8 -> 0 | I7: =Gesamt!W8 -> 0 | J7: =Gesamt!Y8 -> 0 | K7: =Gesamt!AA8 -> 0 | L7: =Gesamt!AC8 -> 0 | M7: =Gesamt!AE8 -> 0 | N7: =Gesamt!AH8 -> 0 | O7: =Gesamt!AL8 -> 0 | P7: =Gesamt!AL8 -> 0 | Q7: =Gesamt!AG8 -> 0 | R7: =Gesamt!AI8 -> 0 | S7: =Gesamt!AK8 -> 0 | T7: =Gesamt!R8 -> 0 | U7: HH1 | V7: Handsch. 1 | W7: =Gesamt!AN8 -> 0 | X7: =Gesamt!AP8 -> 0 | Y7: =Gesamt!AM8 -> 0 | Z7: =Gesamt!AO8 -> 0 | AB7: =Gesamt!AR8 -> 0 | AC7: =Gesamt!AT8 -> 0 | AD7: =Gesamt!AV8 -> 0 | AE7: =Gesamt!AX8 -> 0 | AF7: =Gesamt!AQ8 -> 0 | AG7: =Gesamt!AS8 -> 0 | AH7: =Gesamt!AU8 -> 0 | AI7: =Gesamt!AW8 -> 0 | AJ7: =Gesamt!F8 -> 0 | AK7: Handsch. 1
A8: Handsch. 2 | B8: =Gesamt!V9 -> 0 | C8: =Gesamt!X9 -> 0 | D8: =Gesamt!Z9 -> 0 | E8: =Gesamt!AB9 -> 0 | F8: =Gesamt!AD9 -> 0 | G8: =Gesamt!AF9 -> 0 | H8: =Gesamt!U9 -> 0 | I8: =Gesamt!W9 -> 0 | J8: =Gesamt!Y9 -> 0 | K8: =Gesamt!AA9 -> 0 | L8: =Gesamt!AC9 -> 0 | M8: =Gesamt!AE9 -> 0 | N8: =Gesamt!AH9 -> 0 | O8: =Gesamt!AL9 -> 0 | P8: =Gesamt!AL9 -> 0 | Q8: =Gesamt!AG9 -> 0 | R8: =Gesamt!AI9 -> 0 | S8: =Gesamt!AK9 -> 0 | T8: =Gesamt!R9 -> 0 | U8: HH2 | V8: Handsch. 2 | W8: =Gesamt!AN9 -> 0 | X8: =Gesamt!AP9 -> 0 | Y8: =Gesamt!AM9 -> 0 | Z8: =Gesamt!AO9 -> 0 | AB8: =Gesamt!AR9 -> 0 | AC8: =Gesamt!AT9 -> 0 | AD8: =Gesamt!AV9 -> 0 | AE8: =Gesamt!AX9 -> 0 | AF8: =Gesamt!AQ9 -> 0 | AG8: =Gesamt!AS9 -> 0 | AH8: =Gesamt!AU9 -> 0 | AI8: =Gesamt!AW9 -> 0 | AJ8: =Gesamt!F9 -> 0 | AK8: Handsch. 2
A9: Kirchheim | B9: =Gesamt!V10 -> 0 | C9: =Gesamt!X10 -> 0 | D9: =Gesamt!Z10 -> 0 | E9: =Gesamt!AB10 -> 0 | F9: =Gesamt!AD10 -> 0 | G9: =Gesamt!AF10 -> 0 | H9: =Gesamt!U10 -> 0 | I9: =Gesamt!W10 -> 0 | J9: =Gesamt!Y10 -> 0 | K9: =Gesamt!AA10 -> 0 | L9: =Gesamt!AC10 -> 0 | M9: =Gesamt!AE10 -> 0 | N9: =Gesamt!AH10 -> 0 | O9: =Gesamt!AJ10 -> 0 | P9: =Gesamt!AL10 -> 0 | Q9: =Gesamt!AG10 -> 0 | R9: =Gesamt!AI10 -> 0 | S9: =Gesamt!AK10 -> 0 | T9: =Gesamt!R10 -> 0 | U9: Kir | V9: Kirchheim | W9: =Gesamt!AN10 -> 0 | X9: =Gesamt!AP10 -> 0 | Y9: =Gesamt!AM10 -> 0 | Z9: =Gesamt!AO10 -> 0 | AB9: =Gesamt!AR10 -> 0 | AC9: =Gesamt!AT10 -> 0 | AD9: =Gesamt!AV10 -> 0 | AE9: =Gesamt!AX10 -> 0 | AF9: =Gesamt!AQ10 -> 0 | AG9: =Gesamt!AS10 -> 0 | AH9: =Gesamt!AU10 -> 0 | AI9: =Gesamt!AW10 -> 0 | AJ9: =Gesamt!F10 -> 0 | AK9: Kirchheim
A10: Rohrbach | B10: =Gesamt!V11 -> 0 | C10: =Gesamt!X11 -> 0 | D10: =Gesamt!Z11 -> 0 | E10: =Gesamt!AB11 -> 0 | F10: =Gesamt!AD11 -> 0 | G10: =Gesamt!AF11 -> 0 | H10: =Gesamt!U11 -> 0 | I10: =Gesamt!W11 -> 0 | J10: =Gesamt!Y11 -> 0 | K10: =Gesamt!AA11 -> 0 | L10: =Gesamt!AC11 -> 0 | M10: =Gesamt!AE11 -> 0 | N10: =Gesamt!AH11 -> 0 | O10: =Gesamt!AJ11 -> 0 | P10: =Gesamt!AL11 -> 0 | Q10: =Gesamt!AG11 -> 0 | R10: =Gesamt!AI11 -> 0 | S10: =Gesamt!AK11 -> 0 | T10: =Gesamt!R11 -> 0 | U10: Rohr | V10: Rohrbach | W10: =Gesamt!AN11 -> 0 | X10: =Gesamt!AP11 -> 0 | Y10: =Gesamt!AM11 -> 0 | Z10: =Gesamt!AO11 -> 0 | AB10: =Gesamt!AR11 -> 0 | AC10: =Gesamt!AT11 -> 0 | AD10: =Gesamt!AV11 -> 0 | AE10: =Gesamt!AX11 -> 0 | AF10: =Gesamt!AQ11 -> 0 | AG10: =Gesamt!AS11 -> 0 | AH10: =Gesamt!AU11 -> 0 | AI10: =Gesamt!AW11 -> 0 | AJ10: =Gesamt!F11 -> 0 | AK10: Rohrbach
A11: Südstadt | B11: =Gesamt!V12 -> 0 | C11: =Gesamt!X12 -> 0 | D11: =Gesamt!Z12 -> 0 | E11: =Gesamt!AB12 -> 0 | F11: =Gesamt!AD12 -> 0 | G11: =Gesamt!AF12 -> 0 | H11: =Gesamt!U12 -> 0 | I11: =Gesamt!W12 -> 0 | J11: =Gesamt!Y12 -> 0 | K11: =Gesamt!AA12 -> 0 | L11: =Gesamt!AC12 -> 0 | M11: =Gesamt!AE12 -> 0 | N11: =Gesamt!AH12 -> 0 | O11: =Gesamt!AJ12 -> 0 | P11: =Gesamt!AL12 -> 0 | Q11: =Gesamt!AG12 -> 0 | R11: =Gesamt!AI12 -> 0 | S11: =Gesamt!AK12 -> 0 | T11: =Gesamt!R12 -> 0 | U11: Süd | V11: Südstadt | W11: =Gesamt!AN12 -> 0 | X11: =Gesamt!AP12 -> 0 | Y11: =Gesamt!AM12 -> 0 | Z11: =Gesamt!AO12 -> 0 | AB11: =Gesamt!AR12 -> 0 | AC11: =Gesamt!AT12 -> 0 | AD11: =Gesamt!AV12 -> 0 | AE11: =Gesamt!AX12 -> 0 | AF11: =Gesamt!AQ12 -> 0 | AG11: =Gesamt!AS12 -> 0 | AH11: =Gesamt!AU12 -> 0 | AI11: =Gesamt!AW12 -> 0 | AJ11: =Gesamt!F12 -> 0 | AK11: Südstadt
A12: Walldorf | B12: =Gesamt!V13 -> 0 | C12: =Gesamt!X13 -> 0 | D12: =Gesamt!Z13 -> 0 | E12: =Gesamt!AB13 -> 0 | F12: =Gesamt!AD13 -> 0 | G12: =Gesamt!AF13 -> 0 | H12: =Gesamt!U13 -> 0 | I12: =Gesamt!W13 -> 0 | J12: =Gesamt!Y13 -> 0 | K12: =Gesamt!AA13 -> 0 | L12: =Gesamt!AC13 -> 0 | M12: =Gesamt!AE13 -> 0 | N12: =Gesamt!AH13 -> 0 | O12: =Gesamt!AJ13 -> 0 | P12: =Gesamt!AL13 -> 0 | Q12: =Gesamt!AG13 -> 0 | R12: =Gesamt!AI13 -> 0 | S12: =Gesamt!AK13 -> 0 | T12: =Gesamt!R13 -> 0 | U12: Wall | V12: Walldorf | W12: =Gesamt!AN13 -> 0 | X12: =Gesamt!AP13 -> 0 | Y12: =Gesamt!AM13 -> 0 | Z12: =Gesamt!AO13 -> 0 | AB12: =Gesamt!AR13 -> 0 | AC12: =Gesamt!AT13 -> 0 | AD12: =Gesamt!AV13 -> 0 | AE12: =Gesamt!AX13 -> 0 | AF12: =Gesamt!AQ13 -> 0 | AG12: =Gesamt!AS13 -> 0 | AH12: =Gesamt!AU13 -> 0 | AI12: =Gesamt!AW13 -> 0 | AJ12: =Gesamt!F13 -> 0 | AK12: Walldorf
A13: Wieblingen | B13: =Gesamt!V14 -> 0 | C13: =Gesamt!X14 -> 0 | D13: =Gesamt!Z14 -> 0 | E13: =Gesamt!AB14 -> 0 | F13: =Gesamt!AD14 -> 0 | G13: =Gesamt!AF14 -> 0 | H13: =Gesamt!U14 -> 0 | I13: =Gesamt!W14 -> 0 | J13: =Gesamt!Y14 -> 0 | K13: =Gesamt!AA14 -> 0 | L13: =Gesamt!AC14 -> 0 | M13: =Gesamt!AE14 -> 0 | N13: =Gesamt!AH14 -> 0 | O13: =Gesamt!AJ14 -> 0 | P13: =Gesamt!AL14 -> 0 | Q13: =Gesamt!AG14 -> 0 | R13: =Gesamt!AI14 -> 0 | S13: =Gesamt!AK14 -> 0 | T13: =Gesamt!R14 -> 0 | U13: Wbl | V13: Wieblingen | W13: =Gesamt!AN14 -> 0 | X13: =Gesamt!AP14 -> 0 | Y13: =Gesamt!AM14 -> 0 | Z13: =Gesamt!AO14 -> 0 | AB13: =Gesamt!AR14 -> 0 | AC13: =Gesamt!AT14 -> 0 | AD13: =Gesamt!AV14 -> 0 | AE13: =Gesamt!AX14 -> 0 | AF13: =Gesamt!AQ14 -> 0 | AG13: =Gesamt!AS14 -> 0 | AH13: =Gesamt!AU14 -> 0 | AI13: =Gesamt!AW14 -> 0 | AJ13: =Gesamt!F14 -> 0 | AK13: Wieblingen
A14: Wiesloch | B14: =Gesamt!V15 -> 0 | C14: =Gesamt!X15 -> 0 | D14: =Gesamt!Z15 -> 0 | E14: =Gesamt!AB15 -> 0 | F14: =Gesamt!AD15 -> 0 | G14: =Gesamt!AF15 -> 0 | H14: =Gesamt!U15 -> 0 | I14: =Gesamt!W15 -> 0 | J14: =Gesamt!Y15 -> 0 | K14: =Gesamt!AA15 -> 0 | L14: =Gesamt!AC15 -> 0 | M14: =Gesamt!AE15 -> 0 | N14: =Gesamt!AH15 -> 0 | O14: =Gesamt!AJ15 -> 0 | P14: =Gesamt!AL15 -> 0 | Q14: =Gesamt!AL15 -> 0 | R14: =Gesamt!AI15 -> 0 | S14: =Gesamt!AK15 -> 0 | T14: =Gesamt!R15 -> 0 | U14: Wies | V14: Wiesloch | W14: =Gesamt!AN15 -> 0 | X14: =Gesamt!AP15 -> 0 | Y14: =Gesamt!AM15 -> 0 | Z14: =Gesamt!AO15 -> 0 | AB14: =Gesamt!AR15 -> 0 | AC14: =Gesamt!AT15 -> 0 | AD14: =Gesamt!AV15 -> 0 | AE14: =Gesamt!AX15 -> 0 | AF14: =Gesamt!AQ15 -> 0 | AG14: =Gesamt!AS15 -> 0 | AH14: =Gesamt!AU15 -> 0 | AI14: =Gesamt!AW15 -> 0 | AJ14: =Gesamt!F15 -> 0 | AK14: Wiesloch
A15: Mannheim Süd | B15: =Gesamt!V16 -> 0 | C15: =Gesamt!X16 -> 0 | D15: =Gesamt!Z16 -> 0 | E15: =Gesamt!AB16 -> 0 | F15: =Gesamt!AD16 -> 0 | G15: =Gesamt!AF16 -> 0 | H15: =Gesamt!U16 -> 0 | I15: =Gesamt!W16 -> 0 | J15: =Gesamt!Y16 -> 0 | K15: =Gesamt!AA16 -> 0 | L15: =Gesamt!AC16 -> 0 | M15: =Gesamt!AE16 -> 0 | N15: =Gesamt!AH16 -> 0 | O15: =Gesamt!AJ16 -> 0 | P15: =Gesamt!AL16 -> 0 | Q15: =Gesamt!AL16 -> 0 | R15: =Gesamt!AI16 -> 0 | S15: =Gesamt!AK16 -> 0 | T15: =Gesamt!R16 -> 0 | U15: MaSued | V15: Mannheim Süd | W15: =Gesamt!AN16 -> 0 | X15: =Gesamt!AP16 -> 0 | Y15: =Gesamt!AM16 -> 0 | Z15: =Gesamt!AO16 -> 0 | AB15: =Gesamt!AR16 -> 0 | AC15: =Gesamt!AT16 -> 0 | AD15: =Gesamt!AV16 -> 0 | AE15: =Gesamt!AX16 -> 0 | AF15: =Gesamt!AQ16 -> 0 | AG15: =Gesamt!AS16 -> 0 | AH15: =Gesamt!AU16 -> 0 | AI15: =Gesamt!AW16 -> 0 | AJ15: =Gesamt!F16 -> 0 | AK15: Mannheim Süd
U16: Summe | AJ16: =SUM(AJ6:AJ15) -> 0

Sheet Gesamtmengen
A1: =Gesamt!B1 -> 0
A2: =Gesamt!F1 -> 0
D3: Mengen | E3: Preise | F3: Summe
C4: Anteile | D4: =Gesamt!B5 -> 0
C5: Milch | D5: =Gesamt!G5 -> 0
C6: Käse | D6: =Gesamt!H5 -> 0
C7: Fleisch | D7: =Gesamt!E5 -> 0
B10: Mehl | C10: Dinkel weiß | D10: =((Gesamt!V5+Gesamt!X5)*2.5)+(Gesamt!U5+Gesamt!W5) -> 0 | G10: kg
C11: Dinkel-vollkorn | D11: =(Gesamt!AH5*2.5)+Gesamt!AG5 -> 0 | G11: kg
C12: Weizen weiß | D12: =((Gesamt!Z5+Gesamt!AB5)*2.5)+Gesamt!Y5+Gesamt!AA5 -> 0 | G12: kg
C13: Weizen vollkorn | D13: =(Gesamt!AJ5*2.5)+Gesamt!AI5 -> 0 | G13: kg
C14: Roggen hell | D14: =Gesamt!AF5*5 -> 0 | G14: kg
C15: Roggen-vollkorn | D15: =(Gesamt!AL5*2.5)+Gesamt!AK5 -> 0 | G15: kg
B17: Flocken | C17: Hafer fein | D17: =(Gesamt!AN5*2)+Gesamt!AM5 -> 0 | G17: kg
C18: Hafer grob | D18: =(Gesamt!AP5*2)+Gesamt!AO5 -> 0 | G18: kg
B19: Korn | C19: Hafer | D19: =Gesamt!AX5*2 -> 0 | G19: kg
C20: Weizen | D20: =(Gesamt!AT5*2.5)+Gesamt!AS5 -> 0 | G20: kg
C21: Roggen | D21: =(Gesamt!AV5*2.5)+Gesamt!AU5 -> 0 | G21: kg
C22: Dinkel | D22: =(Gesamt!AR5*2.5)+Gesamt!AQ5 -> 0 | G22: kg
B23: Nudeln | C23: Dinkelnudeln | D23: =Gesamt!AY5+Gesamt!AZ5/2+Gesamt!BA5+Gesamt!BC5+Gesamt!BB5+Gesamt!BC5/2 -> 0 | G23: `*500g
B25: Brot | C25: Brot
C26: Summe | D26: =Gesamt!F5 -> 0
